_key,_说明,_起始版本,_Android点位,_iOS点位,_服务端打点,_degree,_page,_spmc,_spmd,_autosend,isbk,ctrl,title,pos,item_type,item_id,ju_id,pager,action,pager_pos,url,seller_id,shop_id,brand_name,keyword,type,order_id,box_id,box_name,sort,object_id,object_name,object_type,sort_type,sort_name,brand_id,message_id,message_type_id,message,total,time,version,tag,code,status,error,brand_pos,sub_pos,feed_id,feed_type,account_id,account_type,scm,channel_id,spm,ctl,floor_id,category_id
BTN,通用按钮,4.4,,,有,,{.*},Button,d[title],1,{.*},通用按钮点击-不跳转,{(.*)?},{(.*)?},{(.*)?},{(.*)?},{(.*)?},{(.*)?},{(.*)?},{(.*)?},{(.*)?},{(.*)?},{(.*)?},{(.*)?},{(.*)?},{(.*)?},{(.*)?},{(.*)?},{(.*)?},{(.*)?},{(.*)?},{(.*)?},{(.*)?},{(.*)?},{(.*)?},{(.*)?},{(.*)?},{(.*)?},{(.*)?},{(.*)?},{(.*)?},{(.*)?},{(.*)?},{(.*)?},{(.*)?},{(.*)?},,,,,,,,,,,,
BTN_JUMP,通用按钮-跳转,4.4,,,有,,{.*},Button-Jump,d[title],,{.*},通用按钮点击-发生跳转,{(.*)?},{(.*)?},{(.*)?},{(.*)?},{(.*)?},{(.*)?},{(.*)?},{(.*)?},{(.*)?},{(.*)?},{(.*)?},{(.*)?},{(.*)?},{(.*)?},{(.*)?},{(.*)?},{(.*)?},{(.*)?},{(.*)?},{(.*)?},{(.*)?},{(.*)?},{(.*)?},{(.*)?},{(.*)?},{(.*)?},{(.*)?},{(.*)?},{(.*)?},{(.*)?},{(.*)?},{(.*)?},{(.*)?},{(.*)?},,,,,,,,,,,,
TABBAR,Tabbar,,,,有,1,JuMain,Tabbar,d[_trackId],,,[_trackName],,,,,,,{(doubleClick)?},,{.*},,,,,,,,,,,,,,,,,,,,,,{(.*)?},,,,,,,,,,,,,,,
FLOAT_VIEW,浮层,,,,有,,JuJRT,Float,d[title],,,浮层,{small|big},,,,,,{(close)?},,{.*},,,,,,,,,,,,,,,,,,,,,,,,,,,,,,,,{(.*)?},,,,,
FLOAT_VIEW_LOAD,浮层曝光,,,,有,,JuJRT,Float-Load,d[title],1,,浮层-加载,{small|big|luaview},,,,,,,,{.*},,,,,,,,,,,,,,,,,,,,,,,,,,,,,,,,,,,,,
FLOAT_VIEW_NOT_JUMP,非跳转浮层,,,,,,JuJRT,StaticFloat,d[title],1,,非跳转浮层,toTop,,,,,,,,,,,,,,,,,,,,,,,,,,,,,,,,,,,,,,,,,,,,,
BACK,左上角返回,,,iOS特有,,,{.*},Back,,,1,Back,,,,,,,,,,,,,,,,,,,,,,,,,,,,,,,,,,,,,,,,,,,,,,
SHARE,分享商品,,,,,,{.*},Share,d1,1,,分享,{分享|来往|钉钉|微博|支付宝|聚口令|短信|微信|朋友圈|二维码|复制|更多|取消},,,,,,{(.*)?},,,,,,,,,,,,,,,,,,,,,,,,,,,,,,,,,,,,,,,
SHARE_COUPON,分享优惠券,,,,,,{.*},ShareCoupon,d1,1,,分享优惠券,{分享|来往|钉钉|微博|支付宝|聚口令|短信|微信|朋友圈|二维码|复制|更多|取消},,,,,,{(.*)?},,,,,,,,,,,,,,,,,,,,,,,,,,,,,,,,,,,,,,,
BOXSYS,今日团运营位,,,,有,1,{.*},Boxsys-[type],d[box_id],,,BOXSYS_[type],,,,,,,,,{.*},,,,,{.*},,{.*},{.*},,,,,,,,,,,,{(.*)?},,{(.*)?},,,,,,,,,,,,,,,
REFRESH,列表刷新,,,iOS特有,,,{.*},List-Refresh,d[pager_pos],1,,刷新,{.*},,,,,,refresh,{\d+},,,,,,,,,,,,,,,,,,,,,,,,,,,,,,,,,,,,,,
BANNER,今日团轮播Banner,,,iOS特有,有,1,JuJRT,Banner-[type],d[pos],,,Banner_[type],,{\d+},,,,,,,{.*},,,,,{.*},,{(.*)?},{(.*)?},,,,,,,,,,,,,,,,,,,,,,,,,,,,,
JRT_BTN_BANNER,今日团轮播Banner,,安卓特有,,,1,JuJRT,Banner,d[pos],,,Banner_[type],,{\d+},,,,,,,{.*},,,,,{.*},,,,,,,,,,,,,,,,,,,,,,,,,,,,,,,,
JRT_TAB,今日团类目,,,,,1,JuJRT,Category,d[pos],1,,今日团类目,{.*},{\d+},,,,,{click|scroll},,,,,,,,,,,,,,,,,,,,,,,,,,,,,,,,,,{(.*)?},,,,,
JRT_BTN_TODAY_NEWS,今日团-今日喜报,,,,有,1,{.*},TodayNews,1,,,今日团-今日喜报,,,,,,,,,{.*},,,,,,,,,,,,,,,,,,,,,,,,,,,,,,,,,,,,,
JRT_LIST,今日团货品集点击,,,,有：bucket,1,JuJRT,List,dClick-[pager_pos]-[pos],,,今日团货品集,{(.*)?},{.*},{.*},{(.*)?},{(.*)?},,,{\d+},{(.*)?},,,,{(.*)?},,,,,,,,,,,{(.*)?},,,,,,,{(.*)?},,,,{(\d+)?},{(\d+)?},,,,,,,,,{(.*)?},
JFL_LIST_LOAD,分类单品列表加载,5.10.0,,,有：bucket,1,JuJFL,List-Load,d[pager_pos],1,,分类单品列表加载,{(.*)?},,,,,{(.*)?},,{\d+},,,,,,,,,,,,,,,,,,,,,,,,,,,,,,,,,,,,,,
JRT_LIST_REFRESH,列表刷新,,安卓特有,,,1,JuJRT,List-Refresh,d[pager_pos],1,,今日团列表-刷新,{.*},,,,,,refresh,{\d+},,,,,,,,,,,,,,,,,,,,,,,,,,,,,,,,,,,,,,
JRT_LIST_BRAND,今日团列表品牌点击,,,,有：bucket,1,JuJRT,List,dClickBrand-[pager_pos]-[pos],,,今日团品牌列表,{.*},{\d+},Brand,,,,,{\d+},,,,{(.*)?},,,,,,,,,,,,{(.*)?},,,,,,,,,,,,,,,,,,,,,,
JRT_LIST_MORE,今日团列表-明日聚透,,,,,1,JuJRT,List-More,d[pager_pos],,,今日团列表-更多,{.*},,,,,,{toJuTou|ClickToLoad},{\d+},,,,,,,,,,,,,,,,,,,,,,,,,,,,,,,,,,,,,,
JRT_LIST_BRAND_MORE,今日团列表-点击加载更多品牌,,,,有,1,JuJRT,List-MoreBrand,d[pager_pos],1,,今日团品牌列表-更多,{.*},,MoreBrand,,,,LoadMore,{\d+},,,,,,,,,,,,,,,,,,,,,,,,,,,,,,,,,,,,,,
JRT_LIST_BRAND_LOAD,今日团列表-加载品牌列表,,,,有：bucket,1,JuJRT,List-Load-Brand,d[pager_pos],1,,今日团品牌列表-加载,{.*},,,,,{.*},,{\d+},,,,,,,,,,,,,,,,,,,,,,,,,,,,,,,,,,,,,,
JRT_BTN_REFRESH,今日团刷新,,,,,,JuJRT,Refresh,d1,1,,今日团刷新,,,,,,,{(show|click)?},,,,,,,,,,,,,,,,,,,,,,{(.*)?},,,,,,,,,,,,,,,,,
JRT_BTN_SHAKE,首页摇一摇,,,,,,JuJRT,Shake,d1,,,首页摇一摇,,,,,,,,,{(.*)?},,,,,,,,,,,,,,,,,,,,,,{(.*)?},,,,,,,,,,,,,,,
ITEMDETAIL_BTN_Back,详情页面-返回,,安卓特有,,,,JuDetail,Back,d1,,1,详情页面返回,,,,{.*},{(.*)?},,,,{(.*)?},,,,,,,,,,,,,,,,,,,,,,,,,,,,,,,,,,,,,
ITEMDETAIL_BTN_ToCart,详情页面-购物车入口,,,,,1,JuDetail,Topbar-ToCart,d1,,,详情页面购物车入口,,,,{.*},{(.*)?},,,,,,,,,,,,,,,,,,,,,,,,,,,,,,,,,,,,,,,,,
ITEMDETAIL_BTN_Share,详情页面-分享,,,,,1,JuDetail,Topbar-Share,d1,1,,详情页面分享,,,,{.*},{(.*)?},,,,,,,,,,,,,,,,,,,,,,,,,,,,,,,,,,,,,,,,,
ITEMDETAIL_BTN_ShareJukouling,详情页面-分享聚口令,,安卓特有,,,1,JuDetail,Share-Jukouling,d1,1,,详情页面分享聚口令,,,,{.*},{(.*)?},,,,,,,,,,,,,,,,,,,,,,,,,,{(.*)?},,,,,,,,,,,,,,,
ITEMDETAIL_BTN_ParallelBrowse,详情页面-并行浏览,,,,,1,JuDetail,Topbar-ParallelBrowse,d1,1,,详情页面并行浏览,,,,{.*},{(.*)?},,,,,,,,,,,,,,,,,,,,,,,,,,,,{(hasTipShow)?},,,,,,,,,,,,,
ITEMDETAIL_LIST_ParallelBrowse,详情页面-并行浏览列表,,,,,1,JuDetail,List-ParallelBrowse,d[pos],1,,详情页面并行浏览列表,,{\d+},,{.*},,,{(click|remove)?},,,,,,,,,,,,,,,,,,,,,,,,,,,,,,,,,,,,,,,
ITEMDETAIL_BTN_ShowImageList,详情页面-点击图片,,安卓特有,,,1,JuDetail,Click-Image,d[pos],1,,详情页面-主图浏览,,{\d+},,{.*},{(.*)?},,{(click|scroll)?},,,,,,,,,,,,,,,,,,,,,,,,,,,,,,,,,,,,,,,
ITEMDETAIL_BTN_Like,详情页面-收藏,,,,,1,JuDetail,Like,d1,1,,详情页面收藏,,,{(.*)?},{.*},{(.*)?},,{(on|off)?},,,,,,,,,,,,,,,,,,,,,,,,,,,,,,,,,,,,,,,
ITEMDETAIL_BTN_Collect,详情页面-下面收藏并提醒,,安卓特有,,,1,JuDetail,Collect,d1,1,,详情页面收藏并提醒,,,{(.*)?},{.*},{(.*)?},,{on|off},,,,,,,,,,,,,,,,,,,,,,,,,,,,,,,,,,,,,,,
ITEMDETAIL_BTN_Coupon,详情页面-领优惠券(仅部分商品),,,,,1,JuDetail,Coupon,d1,1,,详情页面优惠券,{领券|分享领券},,,{.*},{(.*)?},,,,,,,,,,,,,,,,,,,,,,,,,,,,,,,,,,,,,,,,,
ITEMDETAIL_BTN_Activity,详情页面-营销组件(抢红包),,,,,1,JuDetail,Activity,d[type],,,详情页面-营销组件,,,,{.*},{(.*)?},,,,,,,,,{\d+},,,,,,,,,,,,,,,,,,,,,,,,,,,,,,,,
ITEMDETAIL_BTN_Comment,详情页面-点击评价,,,,,1,JuDetail,Comment,d1,1,,详情页面评价,,,,{.*},{(.*)?},,,,,,,,,,,,,,,,,,,,,,,,,,,,,,,,,,,,,,,,,
ITEMDETAIL_BTN_CommentTag,详情页面-点击评价(Tag),,,,,1,JuDetail,Comment-Tag,d[pos],1,,详情页面评价-类型,,{(\d+)?},,{.*},{(.*)?},,,,,,,,,{(\d+)?},,,,,,,,,,,,,,,,,,,,,,,,,,,,,,,,
ITEMDETAIL_BTN_ShopRecommend,详情页面-同店推荐(仅部分商品),,安卓特有,,,1,JuDetail,ShopRecommend,d1,,,详情页面同店推荐,,,,{.*},{(.*)?},,,,,{(.*)?},,,,,,,,,,,,,,,,,,,,,,,,,,,,,,,,,,,,
ITEMDETAIL_PAGE_Detail,详情页面-滑动露出详情,,,,,1,JuDetail,PageDetail,d1,1,,详情页面滑动露出详情,,,,{.*},{(.*)?},,,,,,,,,,,,,,,,,,,,,,,,,,,,,,,,,,,,,,,,,
ITEMDETAIL_TAB,详情页面-tab,,,,,1,JuDetail,DetailTab,d[pos],1,,详情页面Tab,{.*},{\d+},,{.*},{(.*)?},,{click|scroll},,,,,,,,,,,,,,,,,,,,,,,,,,,,,,,,,,,,,,,
ITEMDETAIL_BTN_Refresh,详情页面-点我刷新(仅部分商品),,,,,,JuDetail,Refresh,d1,1,,详情页面点我刷新,,,,{.*},{(.*)?},,,,,,,,,,,,,,,,,,,,,,,,,,,,,,,,,,,,,,,,,
ITEMDETAIL_BTN_AddCart,详情页面-加入购物车,,,,,1,JuDetail,Footbar-AddCart,d1,1,,详情页面加入购物车,,,{(.*)?},{.*},{(.*)?},,,,,,,,,,,,,,,,,,,,,,,,,,,,,,,,,,,,,,,,,
ITEMDETAIL_BTN_Buy,详情页面-购买,,,,,1,JuDetail,Footbar-Buy,d1,,,详情页面马上抢,,,{(.*)?},{.*},{(.*)?},,,,,,,,,,,,,,,,,,,,,,,,,,,,,,,,,,,,,,,,,
ITEMDETAIL_BTN_SepBuy,详情页面-拼团,,,,,1,JuDetail,SepBuy,d1,,,详情页面拼团买,,,{(.*)?},{.*},{(.*)?},,,,,,,,,,,,,,,,,,,,,,,,,,,,,,,,,,,,,,,,,
ITEMDETAIL_BTN_SingleBuy,详情页面-单独买,,,,,1,JuDetail,SingleBuy,d1,,,详情页面单独买,,,{(.*)?},{.*},{(.*)?},,,,,,,,,,,,,,,,,,,,,,,,,,,,,,,,,,,,,,,,,
ITEMDETAIL_BTN_SKU,详情页面-打开SKU,,,,,1,JuDetail,SKU,d1,1,,详情页面打开SKU,,,{(.*)?},{.*},{(.*)?},,,,,,,,,,,,,,,,,,,,,,,,,,,,,,,,,,,,,,,,,
ITEMDETAIL_BTN_SKU_DONE,详情页面-SKU确定,,,,,1,JuDetail,SKU-Done,d1,,,详情页面SKU选择完毕确定,,,,{.*},{(.*)?},,,,,,,,,,,,,,,,,,,,,,,,,,,,,,,,,,,,,,,,,
ITEMDETAIL_BTN_RULE,详情页面-规则,,,,,1,JuDetail,Rule,d1,,,详情页面-规则,{.*},,{(.*)?},{.*},{(.*)?},,,,,,,,,,,,,,,,,,,,,,,,,,,,,,,,,,,,,,,,,
COMMENT_LIST_BACK,评论列表-返回,,安卓特有,,,,JuDetailComment,Back,d1,,1,评论列表-返回,,,,{.*},{(.*)?},,,,,,,,,,,,,,,,,,,,,,,,,,,,,,,,,,,,,,,,,
COMMENT_LIST_LOAD,评论列表加载,,,,,,JuDetailComment,List-Load,d1,1,,评论列表-加载,,,,{.*},,,,,,,,,,{(.*)?},,,,,,,,,,,,,,,,,,,,,,,,,,,,,,,,
JT_BACK,聚透-返回,,安卓特有,,,,JuJT,Back,d1,,1,聚透-返回,,,,,,,,,,,,,,,,,,,,,,,,,,,,,,,,,,,,,,,,,,,,,,
JT_TAB,聚透类目,,,,,,JuJT,Category,d[pos],1,,聚透类目,{.*},{\d+},,,,,{click|scroll},,,,,,,,,,,,,,,,,,,,,,,,,,,,,,,,,,,,,,,
JT_BTN_QUICK,聚透下拉菜单,,,,,,JuJT,Quick,d1,1,,聚透快捷菜单,,,,,,,{show|hide},,,,,,,,,,,,,,,,,,,,,,,,,,,,,,,,,,,,,,,
JT_BTN_QUICK_CATEGORY,聚透下拉类目选择,,,,,,JuJT,Quick-Category,d[pos],1,,聚透快捷类目,{.*},{\d+},,,,,,,,,,,,,,,,,,,,,,,,,,,,,,,,,,,,,,,,,,,,
JT_LIST,聚透商品列表点击,,,,有：bucket,1,JuJT,List,dClick-[pager_pos]-[pos],,,聚透列表,{.*},{\d+},{\d+},{(.*)?},{(.*)?},,,{\d+},,,,,,,,,,,,,,,,,,,,,,,,,,,,,,,,,,,,,,
JT_LIST_BRAND,聚透品牌列表点击,,,,有：bucket,1,JuJT,List,dClickBrand-[pager_pos]-[pos],,,聚透品牌列表,{.*},{\d+},Brand,,,,,{\d+},,,,{.*},,,,,,,,,,,,{.*},,,,,,,,,,,,,,,,,,,,,,
JT_LIST_LOAD,聚透列表加载,,,,有：bucket,1,JuJT,List-Load,d[pager_pos],1,,聚透列表-加载,{.*},,,,,{.*},,{\d+},,,,,,,,,,,,,,,,,,,,,,,,,,,,,,,,,,,,,,
JT_LIST_BRAND_LOAD,聚透品牌列表曝光,,,,有：bucket,1,JuJT,List-Load-Brand,d[pager_pos],1,,聚透品牌列表-加载,{.*},,Brand,,,{.*},,{\d+},,,,,,,,,,,,,,,,,,,,,,,,,,,,,,,,,,,,,,
JT_LIST_BRAND_MORE,聚透品牌列表点击加载更多,,,,有,,JuJT,List-MoreBrand,d[pager_pos],1,,聚透品牌列表-更多,{.*},,Brand,,,,LoadMore,{\d+},,,,,,,,,,,,,,,,,,,,,,,,,,,,,,,,,,,,,,
JT_LIST_LIKE,聚透收藏,,,,有,,JuJT,List,dCollection-[pager_pos]-[pos],1,,聚透列表-收藏,{.*},{\d+},,{.*},,,{like|unlike},{\d+},,,,,,,,,,,,,,,,,,,,,,,,,,,,,,,,,,,,,,
JT_LIST_REFRESH,聚透全局下拉刷新,,安卓特有,,,,JuJT,List-Refresh,d1,1,,聚透列表-刷新,,,,,,,,,,,,,,,,,,,,,,,,,,,,,,,,,,,,,,,,,,,,,,
WD_BTN,我的页面-通用按钮,,,,有,1,JuWD,Btn,d[title],,,个人中心通用按钮,{.*},,,,,,,,{.*},,,,,,,,,,,,,,,,,,,,,,,,{(hasRedDot)?},,,,,,,,,,,,,
WD_BTN_TOPBAR_RIGHT,我的页面-设置,,,,,1,JuWD,Topbar,dRight,,,个人中心设置,,,,,,,,,,,,,,,,,,,,,,,,,,,,,,,,,,,,,,,,,,,,,,
WD_BTN_Login,我的页面-登录,,,,,1,JuWD,Topbar,dLogin,,,个人中心登录,,,,,,,,,,,,,,,,,,,,,,,,,,,,,,,,,,,,,,,,,,,,,,
ORDER_LIST_BACK,我的订单-返回,,安卓特有,,,,JuWDOrder,Back,d1,,1,我的订单-返回,,,,,,,,,,,,,,,,,,,,,,,,,,,,,,,,,,,,,,,,,,,,,,
ORDER_LIST_TAB,我的订单-Tab,,,,,2,JuWDOrder,Tab,d1,1,,我的订单-Tab,{(.*)?},,,,,,{click|scroll},,,,,,,,,,,,,,,,,,,,,,,,,,,,,,,,,,,,,,,
ORDER_LIST,我的订单-列表,,,,,2,JuWDOrder,List,d1,,,我的订单-列表,{(.*)?},,,,,,,,{(.*)?},,,,,,{(.*)?},,,,,,,,,,,,,,,,,,,,,,,,,,,,,,,
ORDER_LIST_REFRESH,我的订单-列表刷新,,安卓特有,,,2,JuWDOrder,List-Refresh,d1,1,,我的订单-列表刷新,,,,,,,,,,,,,,,,,,,,,,,,,,,,,,,,,,,,,,,,,,,,,,
ORDER_LIST_CANCEL,我的订单-取消订单,,,,,2,JuWDOrder,List-Cancel,d1,1,,我的订单-取消订单,{(.*)?},,,,,,,,,,,,,,{(.*)?},,,,,,,,,,,,,,,,,,,,,,,,,,,,,,,
ORDER_LIST_DELETE,我的订单-删除订单,,,,,2,JuWDOrder,List-Delete,d1,1,,我的订单-删除订单,{(.*)?},,,,,,,,,,,,,,{(.*)?},,,,,,,,,,,,,,,,,,,,,,,,,,,,,,,
ORDER_LIST_PAY,我的订单-立即购买,,,,,2,JuWDOrder,List-Pay,d1,1,,我的订单-购买,{(.*)?},,,,,,,,,,,,,,{(.*)?},,,,,,,,,,,,,,,,,,,,,,,,,,,,,,,
ORDER_LIST_RATE,我的订单-评价,,,,,2,JuWDOrder,List-Rate,d1,,,我的订单-评价,{(.*)?},,,,,,{(rate|appendRate)?},,,,,,,,{(.*)?},,,,,,,,,,,,,,,,,,,,,,,,,,,,,,,
ORDER_LIST_DELIVERY,我的订单-物流,,,,,2,JuWDOrder,List-Delivery,d1,,,我的订单-物流,{(.*)?},,,,,,,,,,,,,,{(.*)?},,,,,,,,,,,,,,,,,,,,,,,,,,,,,,,
ORDER_LIST_FRIENDPAY,我的订单-朋友代付,,,,,2,JuWDOrder,List-FriendPay,d1,1,,我的订单-朋友代付,{(.*)?},,,,,,,,,,,,,,{(.*)?},,,,,,,,,,,,,,,,,,,,,,,,,,,,,,,
ORDER_LIST_CONFIRM,我的订单-确认收货,,,,,2,JuWDOrder,List-Confirm,d1,1,,我的订单-确认收货,{(.*)?},,,,,,,,,,,,,,{(.*)?},,,,,,,,,,,,,,,,,,,,,,,,,,,,,,,
ORDER_LIST_DELAY,我的订单-延长收货,,,,,2,JuWDOrder,List-Delay,d1,1,,我的订单-延长收货,{(.*)?},,,,,,,,,,,,,,{(.*)?},,,,,,,,,,,,,,,,,,,,,,,,,,,,,,,
ORDERDETAIL_BACK,订单详情-返回,,安卓特有,,,,JuWDOrderDetail,Back,d1,,1,订单详情-返回,,,,,,,,,,,,,,,,,,,,,,,,,,,,,,,,,,,,,,,,,,,,,,
ORDERDETAIL_BTN_DETAIL,订单详情-商品点击,,,,,2,JuWDOrderDetail,ToDetail,d1,,,订单详情-商品点击,,,,{(.*)?},,,,,,,,,,,{(.*)?},,,,,,,,,,,,,,,,,,,,,,,,,,,,,,,
ORDERDETAIL_BTN_TEL,订单详情-电话,,,,,2,JuWDOrderDetail,Tel,d1,1,,订单详情-电话,,,,,,,,,,,,,,,{(.*)?},,,,,,,,,,,,,,,,,,,,,,,,,,,,,,,
ORDERDETAIL_BTN_CONTACT,订单详情-联系卖家,,,,,2,JuWDOrderDetail,Contact,d1,1,,订单详情-联系卖家,,,,,,,,,,,,,,,{(.*)?},,,,,,,,,,,,,,,,,,,,,,,,,,,,,,,
ORDERDETAIL_BTN_CANCEL,订单详情-取消订单,,,,,2,JuWDOrderDetail,Cancel,d1,1,,订单详情-取消订单,,,,,,,,,,,,,,,{(.*)?},,,,,,,,,,,,,,,,,,,,,,,,,,,,,,,
ORDERDETAIL_BTN_DELETE,订单详情-删除订单,,,,,2,JuWDOrderDetail,Delete,d1,1,,订单详情-删除订单,,,,,,,,,,,,,,,{(.*)?},,,,,,,,,,,,,,,,,,,,,,,,,,,,,,,
ORDERDETAIL_BTN_PAY,订单详情-立即购买,,,,,2,JuWDOrderDetail,Buy,d1,1,,订单详情-购买,,,,,,,,,,,,,,,{(.*)?},,,,,,,,,,,,,,,,,,,,,,,,,,,,,,,
ORDERDETAIL_BTN_DELIVERY,订单详情-物流,,,,,2,JuWDOrderDetail,Delivery,d1,,,订单详情-物流,,,,,,,,,,,,,,,{(.*)?},,,,,,,,,,,,,,,,,,,,,,,,,,,,,,,
ORDERDETAIL_BTN_FRIENDPAY,订单详情-朋友代付,,,,,2,JuWDOrderDetail,FriendPay,d1,1,,订单详情-朋友代付,,,,,,,,,,,,,,,{(.*)?},,,,,,,,,,,,,,,,,,,,,,,,,,,,,,,
ORDERDETAIL_BTN_CONFIRM,订单详情-确认收货,,,,,2,JuWDOrderDetail,Confirm,d1,1,,订单详情-确认收货,,,,,,,,,,,,,,,{(.*)?},,,,,,,,,,,,,,,,,,,,,,,,,,,,,,,
ORDERDETAIL_BTN_DELAY,订单详情-延长收货,,,,,2,JuWDOrderDetail,Delay,d1,,,订单详情-延长收货,,,,,,,,,,,,,,,{(.*)?},,,,,,,,,,,,,,,,,,,,,,,,,,,,,,,
ORDERDETAIL_BTN_AfterMarket,订单详情-申请售后,,,,,2,JuWDOrderDetail,AfterMarket,d1,,,订单详情-申请售后,,,,,,,,,,,,,,,{(.*)?},,,,,,,,,,,,,,,,,,,,,,,,,,,,,,,
ORDERDETAIL_RECOMMEND_LIST,订单详情-推荐列表-点击,4.4,,,是,2,JuWDOrderDetail,RecommendList,dClick-[pos],,,订单详情-推荐列表-点击,,{\d+},,{(.*)?},{(.*)?},,,,,,,,,,,,,,,,,,,,,,,,,,,,,,,,,,,,,,,,,
ORDERDETAIL_RECOMMEND_LIST_LOAD,订单详情-推荐列表-加载,4.4,,,是,2,JuWDOrderDetail,RecommendList,dLoad,1,,订单详情-推荐列表-加载,,,,,,,,,,,,,,,,,,,,,,,,,,,,,,,,,,,,,,,,,,,,,,
ORDERSUBMIT_BACK,订单确认-返回,,安卓特有,,,,JuOrderConfirm,Back,d1,,1,订单确认-返回,,,,{(.*)?},,,,,,,,,,,,,,,,,,,,,,,,,,,,,,,,,,,,,,,,,,
ORDERSUBMIT_BTN_ChangeAddress,订单确认-修改地址,,,,,2,JuOrderConfirm,ChangeAddress,d1,,,订单确认-修改地址,,,,,,,,,,,,,,,,,,,,,,,,,,,,,,,,,,,,,,,,,,,,,,
ORDERSUBMIT_BTN_Pay,订单确认-付款,,,,,2,JuOrderConfirm,Pay,d1,1,,订单确认-付款,,,,,,,,,,,,,,,{(.*)?},,,,,,,,,,,,,,,,,,,,,,,,,,,,,,,
ORDERSUBMIT_BTN_CreateOrder,订单确认-创建订单,,,,,2,JuOrderConfirm,CreateOrder,d1,1,,订单确认-创建订单,,,,{(.*)?},,,{success|error},,,,,,,,,,,,,,,,,,,,,,,,,,,,,,,,,,,,,,,
ORDERSUBMIT_BTN_BuildOrder,订单确认-构造订单,,,,,2,JuOrderConfirm,BuildOrder,d1,1,,订单确认-构造订单,,,,{(.*)?},,,{success|error},,,,,,,,,,,,,,,,,,,,,,,,,,,,,,,,,,,,,,,
MSG_CATEGORY_BACK,消息类目列表返回,,安卓特有,,,,JuWDMsgCategory,Back,d1,,1,消息分类列表返回,,,,,,,,,,,,,,,,,,,,,,,,,,,,,,,,,,,,,,,,,,,,,,
MSG_CATEGORY_LIST,消息类目列表点击,,,,,,JuWDMsgCategory,List,d[pos],,,消息分类列表点击,,{\d+},,,,,,,,,,,,,,,,,,,,,,,,{(.*)?},,,,,,,{(hasRedDot)?},,,,,,,,,,,,,
MSG_CENTER_BACK,消息中心返回,,安卓特有,,,,JuWDMsgCenter,Back,d1,,1,消息中心返回,,,,,,,,,,,,,,,,,,,,,,,,,,,,,,,,,,,,,,,,,,,,,,
MSG_CENTER_LIST,消息中心列表点击,,,,,,JuWDMsgCenter,List,[pos],,,消息中心列表点击,,{\d+},,,,,,,,,,,,,,,,,,,,,,,{(.*)?},{(.*)?},,,,,,,,,,,,,,,,,,,,
MSG_LAUNCH_SHOW,iOS首次启动弹窗,5.2.0,,iOS特有,,2,JuJRT,msg,dshow,1,,iOS首次启动弹窗,,,,,,,,,,,,,,,,,,,,,,,,,,,,,,,,,,,,,,,,,,,,,,
MSG_LAUNCH_SET,iOS首次启动弹窗-马上设置,5.2.0,,iOS特有,,2,JuJRT,msg,dset,1,,iOS首次启动弹窗-马上设置,,,,,,,,,,,,,,,,,,,,,,,,,,,,,,,,,,,,,,,,,,,,,,
MSG_LAUNCH_LATER,iOS首次启动弹窗-稍后再说,5.2.0,,iOS特有,,2,JuJRT,msg,dlater,1,,iOS首次启动弹窗-稍后再说,,,,,,,,,,,,,,,,,,,,,,,,,,,,,,,,,,,,,,,,,,,,,,
MSG_HEADER_SHOW,消息-顶部弹窗,5.2.0,,,,2,JuWDMsgCategory,msg,dshow,1,,消息-顶部弹窗,,,,,,,,,,,,,,,,,,,,,,,,,,,,,,,,,,,,,,,,,,,,,,
MSG_HEADER_CLOSE,消息-关闭弹窗,5.2.0,,,,2,JuWDMsgCategory,msg,dclose,1,,消息-关闭弹窗,,,,,,,,,,,,,,,,,,,,,,,,,,,,,,,,,,,,,,,,,,,,,,
MSG_HEADER_OPEN,消息-打开弹窗,5.2.0,,,,2,JuWDMsgCategory,msg,dopen,1,,消息-打开弹窗,,,,,,,,,,,,,,,,,,,,,,,,,,,,,,,,,,,,,,,,,,,,,,
CART_BTN_GO_TO_HOME,购物车-去抢购,,,,,2,JuGWC,Btn,dtoHome,,,购物车-去首页,,,,,,,,,,,,,,,,,,,,,,,,,,,,,,,,,,,,,,,,,,,,,,
CART_BTN_EDIT_ALL_GOODS,购物车-编辑全部/完成,,,,,2,JuGWC,Btn,dEditAllGoods,1,,购物车编辑全部,,,,,,,,,,,,,,,,,,,,,,,,,,,,,,,,,,,,,,,,,,,,,,
CART_BTN_EDIT_SHOP_GOODS,购物车-编辑,,,,,2,JuGWC,Btn,dEditShopGoods,1,,购物车编辑,,,,,,,,,,,,,,,,,,,,,,,,,,,,,,,,,,,,,,,,,,,,,,
CART_BTN_GO_TO_SHOP,购物车-店铺点击,,,,,2,JuGWC,Btn,dtoShop,,,购物车店铺点击,,,,,,,,,,{(.*)?},,,,,,,,,,,,,,,,,,,,,,,,,,,,,,,,,,,,
CART_BTN_CHECK_SHOP,购物车-店铺全选,,,,,2,JuGWC,Btn,dCheckShop,1,,购物车店铺全选,,,,,,,,,,{(.*)?},,,,,,,,,,,,,,,,,,,,,,,,,,,,,,,,,,,,
CART_BTN_GO_TO_DETAIL,购物车-商品点击,,,,,2,JuGWC,Btn,dtoDetail,,,购物车商品点击,,,,{(.*)?},,,,,,,,,,,,,,,,,,,,,,,,,,,,,,,,,,,,,,,,,,
CART_SHOW_CONFIRM_DELETE_DIALOG,购物车-商品长按,,安卓特有,,,2,JuGWC,Btn,dConfirmDeleteDialog,1,,购物车商品长按,,,,{(.*)?},,,,,,,,,,,,,,,,,,,,,,,,,,,,,,,,,,,,,,,,,,
CART_BTN_CHECK_ITEM,购物车-商品选择,,,,,2,JuGWC,Btn,dCheckItem,1,,购物车商品选择,,,,{(.*)?},,,,,,,,,,,,,,,,,,,,,,,,,,,,,,,,,,,,,,,,,,
CART_BTN_CHANGE_NUMER,购物车-购物车数量加减,,,,,2,JuGWC,Btn,dChangeItem,1,,购物车数量加减,,,,{(.*)?},,,,,,,,,,,,,,,,,,,,,,,,,,,,,,,,,,,,,,,,,,
CART_BTN_DELETE_ITEM_IN_EDIT,购物车-删除,,,,,2,JuGWC,Btn,dChangeNumber,1,,购物车删除,,,,,,,,,,,,,,,,,,,,,,,,,,,,,,,,,,,,,,,,,,,,,,
CART_BTN_CHECK_ALL,购物车-全选,4.5,,,,2,JuGWC,Btn,dCheckAll,1,,购物车全选,,,,,,,,,,,,,,,,,,,,,,,,,,,,,,,,,,,,,,,,,,,,,,
CART_BTN_CHARGE,购物车-结算,,,,,2,JuGWC,Btn,dPay,1,,购物车结算,,,,,,,,,,,,,,,,,,,,,,,,,,,,,,,,,,,,,,,,,,,,,,
CART_BTN_CLEAR_INVALID_GOODS,购物车-清空失效宝贝,,,,,2,JuGWC,Btn,dClearInvalidGoods,1,,购物车清空失效宝贝,,,,,,,,,,,,,,,,,,,,,,,,,,,,,,,,,,,,,,,,,,,,,,
CART_BTN_DELETE_ALL_CHECKED,购物车-删除所有选中宝贝,,,,,2,JuGWC,Btn,dDeleteAllChecked,1,,购物车删除所有选中宝贝,,,,,,,,,,,,,,,,,,,,,,,,,,,,,,,,,,,,,,,,,,,,,,
CART_RECOMMEND_LIST,购物车-推荐列表-点击,4.4,,,是,2,JuGWC,RecommendList,dClick-[pos],,,购物车-推荐列表-点击,,{\d+},,{(.*)?},,,,,,,,,,,,,,,,,,,,,,,,,,,,,,,,,,,,,,,,,,
CART_RECOMMEND_LIST_LOAD,购物车-推荐列表加载,4.4,,,是,2,JuGWC,RecommendList,dLoad,1,,购物车-推荐列表-加载,,,,,,,,,,,,,,,,,,,,,,,,,,,,,,,,,,,,,,,,,,,,,,
SETTING_BACK,设置-返回,,安卓特有,,,,JuWDSetting,Back,d1,,1,设置-返回,,,,,,,,,,,,,,,,,,,,,,,,,,,,,,,,,,,,,,,,,,,,,,
SETTING_BTN_About,设置-关于,,,,,,JuWDSetting,About,d1,,,设置-关于,,,,,,,,,,,,,,,,,,,,,,,,,,,,,,,,,,,,,,,,,,,,,,
SETTING_BTN_Help,设置-帮助中心,,,,,,JuWDSetting,Help,d1,,,设置-帮助中心,,,,,,,,,,,,,,,,,,,,,,,,,,,,,,,,,,,,,,,,,,,,,,
SETTING_BTN_JOIN_US,设置-加入我们,,,,,,JuWDSetting,JoinUs,d1,,,设置-加入我们,,,,,,,,,,,,,,,,,,,,,,,,,,,,,,,,,,,,,,,,,,,,,,
SETTING_BTN_SaveTrafficMode,设置-省流量模式,,,,,,JuWDSetting,SaveTraffic,d1,1,,设置-开启省流量模式,,,,,,,{on|off},,,,,,,,,,,,,,,,,,,,,,,,,,,,,,,,,,,,,,,
SETTING_BTN_QingQuYongPin,设置-情趣用品,,,,,,JuWDSetting,QingQuYongPin,d1,1,,设置-情趣用品开关,,,,,,,{on|off},,,,,,,,,,,,,,,,,,,,,,,,,,,,,,,,,,,,,,,
,设置-指纹支付,,,,,,JuWDSetting,FingerPay,d1,1,,设置-指纹支付开关,,,,,,,{on|off},,,,,,,,,,,,,,,,,,,,,,,,,,,,,,,,,,,,,,,
SETTING_BTN_Shortcut,设置-桌面快捷方式,,安卓特有,,,,JuWDSetting,DesktopShortcut,d1,1,,设置-桌面快捷方式开关,,,,,,,{on|off},,,,,,,,,,,,,,,,,,,,,,,,,,,,,,,,,,,,,,,
SETTING_BTN_CloseNotification,设置-关闭通知栏,,安卓特有,,,,JuWDSetting,CloseNotification,d1,1,,设置-关闭通知栏,,,,,,,{on|off},,,,,,,,,,,,,,,,,,,,,,,,,,,,,,,,,,,,,,,
SETTING_BTN_Push,设置-推送设置,,安卓特有,,,,JuWDSetting,Push,d1,,,设置-推送设置,,,,,,,,,,,,,,,,,,,,,,,,,,,,,,,,,,,,,,,,,,,,,,
SETTING_BTN_Cache,设置-缓存清理,,,,,,JuWDSetting,ClearCache,d1,1,,设置-缓存清理,,,,,,,,,,,,,,,,,,,,,,,,,,,,,,,,,,,,,,,,,,,,,,
SETTING_BTN_Update,设置-检查更新,,安卓特有,,,,JuWDSetting,Update,d1,1,,设置-检查更新,,,,,,,,,,,,,,,,,,,,,,,,,,,,,,,,,,,,,,,,,,,,,,
SETTING_BTN_Share,设置-分享,,安卓特有,,,,JuWDSetting,Share,d1,1,,设置-分享,,,,,,,,,,,,,,,,,,,,,,,,,,,,,,,,,,,,,,,,,,,,,,
SETTING_BTN_Logout,设置-登出,,,,,,JuWDSetting,Logout,d1,1,,设置-登出,,,,,,,{(ok|cancel)?},,,,,,,,,,,,,,,,,,,,,,,,,,,,,,,,,,,,,,,
SETTING_BTN_Address,设置-收货地址,,,,,,JuWDSetting,Address,d1,,,设置-收货地址,,,,,,,,,,,,,,,,,,,,,,,,,,,,,,,,,,,,,,,,,,,,,,
SETTING_BTN_MyTag,设置-我的标签,,,,,,JuWDSetting,MyTag,d1,,,设置-我的标签,,,,,,,,,,,,,,,,,,,,,,,,,,,,,,,,,,,,,,,,,,,,,,
SHORTCUT_ENTRY,桌面快捷方式入口,,安卓特有,,,1,JuShortcut,ShortCut,d[pos],,,桌面快捷方式入口,{.*},{\d+},,,,,,,,,,,,,,,,,,,,,,,,,,,,,,,,,,,,,,,,,,,,
SCAN_BACK,扫码-返回,,安卓特有,,,,JuScan,Back,d1,,1,扫码-返回,,,,,,,,,,,,,,,,,,,,,,,,,,,,,,,,,,,,,,,,,,,,,,
SCAN_BTN_TOPBAR_RIGHT,扫码-右上角菜单,,,,,,JuScan,Topbar,dRight,,,扫码-快捷菜单右,,,,,,,,,,,,,,,,,,,,,,,,,,,,,,,,,,,,,,,,,,,,,,
SCAN_MENU_ScanPhotoLibrary,扫码-快捷菜单-导入二维码,,,iOS特有,,,JuScan,Menu,dimportQR,,,扫码-快捷菜单-导入二维码,,,,,,,,,,,,,,,,,,,,,,,,,,,,,,,,,,,,,,,,,,,,,,
SCAN_MENU_ShowScanningHistory,扫码-快捷菜单-历史纪录,,,iOS特有,,,JuScan,Menu,dhistory,,,扫码-快捷菜单-历史纪录,,,,,,,,,,,,,,,,,,,,,,,,,,,,,,,,,,,,,,,,,,,,,,
SCAN_MENU_CANCEL,扫码-快捷菜单-取消,,,iOS特有,,,JuScan,Menu,dCancel,1,,扫码-快捷菜单-取消,,,,,,,,,,,,,,,,,,,,,,,,,,,,,,,,,,,,,,,,,,,,,,
SCAN_RESULT_BARCODE,二维码识别成功,,,,,,JuScan,Barcode,d1,1,,二维码扫码-成功,,,,,,,,,{(.*)?},,,,,,,,,,,,,,,,,,,,,,,,,,,,,,,,,,,,,
SCAN_RESULT_PLAY_VIDEO,VR视频播放,,,,,,JuScan,PlayVideo,d1,1,,播放AR视频,,,,,,,,,{(.*)?},,,,,,,,,,,,,,,,,,,,,,{(.*)?},,,,,,,,,,,,,,,
SCAN_RESULT_LOGO_DETECT,VR LOGO识别,,,,,,JuScan,LogoDetect,d1,,,LOGO识别,,,,,,,,,{(.*)?},,,,,,,,,,,,,,,,,,,,,,{(.*)?},,,,,,,,,,,,,,,
SCAN_MENU_Light,扫码-手电筒,,,,,,JuScan,Light,d1,1,,扫码-手电筒,,,,,,,,,,,,,,,,,,,,,,,,,,,,,,,,,,,,,,,,,,,,,,
,,,,,,,,,d1,,,,,,,,,,,,,,,,,,,,,,,,,,,,,,,,,,,,,,,,,,,,,,,,,
NOTIFICATION_BAR,通知栏-点击,,安卓特有,,有,,JuNotification,Notification,d[_trackId],1,,通知栏-点击,{.*},,,,,,,,{.*},,,,,,,,,,,,,,,,,,,,,,{(.*)?},,,,,,,,,,,,,,,
BLANK_PAGE_LOAD,空白页面-展示,,,,,,{.*},Blank,d1,1,,空白页面-展示,,,,,,,,,,,,,,,,,,,,,,,,,,,,,,,,,,,,,,,,,,,,,,
BLANK_PAGE_BTN_COMMON,空白页面-通用按钮,,,,,,{.*},Blank,d[type],1,,空白页面-通用按钮,,,,,,,,,,,,,,{noData|noNet|loading|loadingTimeout},,,,,,,,,,,,,,,,,,,,,,,,,,,,,,,,
BLANK_PAGE_BTN_SYS_SETTING,空白页面-系统设置,,安卓特有,,,,{.*},Blank,dSysSetting,1,,空白页面-系统设置,,,,,,,,,,,,,,,,,,,,,,,,,,,,,,,,,,,,,,,,,,,,,,
UPDATE,应用更新,,,,,,{.*},Update,d1,1,,应用更新,,,,,,,{.*},,,,,,,,,,,,,,,,,,,,,,,,,,,,,,,,,,,,,,,
BOX_PAGE_BANNER,Boxsys Banner,,安卓特有,,有,,{.*},Boxsys-[type],d[box_id],,,BOXSYS_[type],{.*},{\d+},,,,,,,{.*},,,,,{.*},,{.*},{.*},,,,,,,,,,,,,,,,,,,,,,,,,,,,,
DIALOG,对话框,,安卓特有,,,,{.*},Dialog,d1,,,通用对话框,{.*},,,,,,{.*},,,,,,,,,,,,,,,,,,,,,,,,,,,,,,,,,,,,,,,
LIST,通用列表,,安卓特有,,有,,{.*},List,d[pager_pos]-[pos],,,通用列表,{.*},{\d+},{\d+},{(.*)?},{(.*)?},,,{\d+},{(.*)?},,,,,,,,,,,,,,,{(.*)?},,,,,,,,,,,,,,,,,,,,,,
JMP_LIST,聚名品列表,,安卓特有,,,,JuJMP,List,d[pager_pos]-[pos],,,聚名品列表,{.*},{\d+},{\d+},{(.*)?},{(.*)?},,,{\d+},{(.*)?},,,,,,,,,,,,,,,{(.*)?},,,,,,,,,,,,,,,,,,,,,,
TAG_LIST,标签列表,,安卓特有,,,,{.*},List,d[pager_pos]-[pos],,,标签列表,{.*},{\d+},{\d+},{(.*)?},{(.*)?},,,{\d+},{(.*)?},,,,,,,,,,,,,,,{(.*)?},,,,,,,,,,,,,,,,,,,,,,
JJZ_LIST,聚家装列表,,安卓特有,,,,JuJJZ,List,d[pager_pos]-[pos],,,标签列表,{.*},{\d+},{\d+},{(.*)?},{(.*)?},,,{\d+},{(.*)?},,,,,,,,,,,,,,,{(.*)?},,,,,,,,,,,,,,,,,,,,,,
H5_BACK,H5页面返回,,安卓特有,,,,JuH5,Back,d1,,1,H5返回,{.*},,,,,,,,{.*},,,,,,,,,,,,,,,,,,,,,,,,,,,,,,,,,,,,,
H5_REFRESH,H5页面刷新,,,,,,JuH5,Refresh,d1,1,,H5刷新,{.*},,,,,,,,{.*},,,,,,,,,,,,,,,,,,,,,,,,,,,,,,,,,,,,,
H5_MENU,H5页面菜单,,安卓特有,,,,JuH5,Menu,d1,1,1,H5菜单,{.*},,,,,,,,{.*},,,,,{(.*)?},,,,,,,,,,,,,,,,,,,,,,,,,,,,,,,,
H5_CLOSE,H5页面关闭,,安卓特有,,,,JuH5,Close,d1,,1,H5关闭,{.*},,,,,,,,{.*},,,,,,,,,,,,,,,,,,,,,,,,,,,,,,,,,,,,,
H5_SHARE,H5页面分享,,,,,,JuH5,Share,d1,1,,H5分享,{.*},,,,,,,,{.*},,,,,,,,,,,,,,,,,,,,,,,,,,,,,,,,,,,,,
SEARCH_BACK,搜索返回,,安卓特有,,,,JuSearch,Back,d1,,1,搜索-返回,,,,,,,,,,,,,,,,,,,,,,,,,,,,,,,,,,,,,,,,,,,,,,
SEARCH_BTN_SEARCH,搜索点击,,,,,,JuSearch,Search,d1,1,,搜索-确定,,,,,,,,,,,,,,,,,,,,,,,,,,,,,,,,,,,,,,,,,,,,,,
SEARCH_BTN_SEARCH_CANCEL,搜索取消,,,iOS特有,,,JuSearch,SearchCancel,d1,1,,搜索-取消,,,,,,,,,,,,,,,,,,,,,,,,,,,,,,,,,,,,,,,,,,,,,,
SEARCH_BTN_CLEAR,搜索清空,,安卓特有,,,,JuSearch,Clear,d1,1,,搜索-清空,,,,,,,,,,,,,,,,,,,,,,,,,,,,,,,,,,,,,,,,,,,,,,
SEARCH_LIST,搜索列表点击,,,,有,,JuSearch,List,dClick-[pager_pos]-[pos],,,搜索列表,{.*},{\d+},Item,{(.*)?},{(.*)?},,,1,{(.*)?},,,,,,,,,,,,,,,{(.*)?},,,,,,,,,,,,,,,,,,,,,,
SEARCH_LIST_LOAD,搜索列表加载,,,,有,,JuSearch,List-Load,d1,1,,搜索列表-加载,{.*},,,,,{.*},,,,,,,,,,,,,,,,,,,,,,,,,,,,,,,,,,,,,,,,
SEARCH_LIST_SORT,搜索排序,,,,,,JuSearch,List-Btn,d[title],1,,搜索排序,{.*},,,,,,,,,,,,,,,,,{(.*)?},,,,{(.*)?},,,,,,,,,,,,,,,,,,,,,,,,
SEARCHHISTORY_CLEAR,搜索历史,,,,,,JuSearch,HistoryClear,d1,1,,搜索历史-清空,,,,,,,,,,,,,,,,,,,,,,,,,,,,,,,,,,,,,,,,,,,,,,
SEARCHHISTORY_PLUS,搜索历史新增,,,,,,JuSearch,HistoryAdd,d[pos],1,,搜索历史-新增,,{\d+},,,,,,,,,,,,,,,,,,,,,,,,,,,,,,,,,,,,,,,,,,,,
SEARCHHISTORY_LIST,搜索历史点击,,,,,,JuSearch,History,dClick-[pos],1,,搜索历史,,{\d+},,,,,,,,,,,,,,,,,,,,,,,,,,,,,,,,,,,,,,,,,,,,
PUSHSETUP_BACK,推送设置-返回,,安卓特有,,,,JuSettingPushSetup,Back,d1,,1,推送设置-返回,,,,,,,,,,,,,,,,,,,,,,,,,,,,,,,,,,,,,,,,,,,,,,
PUSHSETUP_SWITCH,推送设置-开关,,安卓特有,,,,JuSettingPushSetup,Switch,d[action],1,,推送设置-开关,,,,,,,{on|off},,,,,,,,,,,,,,,,,,,,,,,,,,,,,,,,,,,,,,,
PUSHSETUP_TIME,推送设置-时间,,安卓特有,,,,JuSettingPushSetup,Time,d1,1,,推送设置-时间,,,,,,,,,,,,,,,,,,,,,,,,,,,,,,,,,,,,,,,,,,,,,,
GUIDE_OK,新手引导-确定,,,,有：bucket,1,JuSettingGuide,OK,d1,1,,新手引导-确定,,,,,,,,,,,,,,,,,,,,,,,,,,,,,,,{(.*)?},,,,,,,,,,,,,,,
GUIDE_SKIP,引导-跳过,,,,,1,JuSettingGuide,Skip,d1,1,,引导-跳过,,{(.*)?},,,,,,,,,,,,,,,,,,,,,,,,,,,,,,,,,,,,,,,,,,,,
GUIDE_LOAD,引导-曝光,,,,有：bucket,,JuSettingGuide,Load,d1,1,,引导-曝光,,,,,,,,,,,,,,,,,,,,,,,,,,,,,,,,,,,,,,,,,,,,,,
GUIDE_NEXT,引导-下一步,,,,,,JuSettingGuide,Next,d1,1,,引导-下一步,,{(.*)?},,,,,,,,,,,,,,,,,,,,,,,,,,,,,,,,,,,,,,,,,,,,
ADDRESS_MODIFY_BACK,修改地址-返回,,安卓特有,,,,JuWDAddressModify,Back,d1,,1,修改地址-返回,,,,,,,,,,,,,,,,,,,,,,,,,,,,,,,,,,,,,,,,,,,,,,
ADDRESS_MODIFY_SAVE,修改地址-保存,,,,,,JuWDAddressModify,Save,d1,1,,修改地址-保存,,,,,,,{(.*)?},,,,,,,,,,,,,,,,,,,,,,,,,,,,,,,,,,,,,,,
ADDRESS_MODIFY_SETDEFAULT,修改地址-设置默认,,,,,,JuWDAddressModify,SetDefault,d1,1,,修改地址-设置默认,,,,,,,,,,,,,,,,,,,,,,,,,,,,,,,,,,,,,,,,,,,,,,
ADDRESS_MODIFY_DELETE,修改地址-删除,,,,,,JuWDAddressModify,Delete,d1,1,,修改地址-删除,,,,,,,,,,,,,,,,,,,,,,,,,,,,,,,,,,,,,,,,,,,,,,
ADDRESS_AGENCY,地址列表-代收货,4.4,,,,,JuWDAddressModify,Agency,d1,,,地址列表-代收货,,,,,,,,,,,,,,,,,,,,,,,,,,,,,,,,,,,,,,,,,,,,,,
ADDRESSLIST_BACK,地址列表-返回,,安卓特有,,,,JuWDAddressList,Back,d1,,1,地址列表-返回,,,,,,,,,,,,,,,,,,,,,,,,,,,,,,,,,,,,,,,,,,,,,,
ADDRESSLIST_MANAGE,地址列表-管理,,,,,,JuWDAddressList,Manage,d1,,,地址列表-管理,,,,,,,,,,,,,,,,,,,,,,,,,,,,,,,,,,,,,,,,,,,,,,
ADDRESSLIST_ADDNEW,地址列表-新增,,,,,,JuWDAddressList,Add,d1,,,地址列表-新增,,,,,,,,,,,,,,,,,,,,,,,,,,,,,,,,,,,,,,,,,,,,,,
ADDRESSLIST_LIST,地址列表-点击,,,,,,JuWDAddressList,List,dClick-[pos],,,地址列表,,{\d+},,,,,,,,,,,,,,,,,,,,,,,,,,,,,,,,,,,,,,,,,,,,
BROWSEHISTORY_BACK,浏览历史-返回,,安卓特有,,,,JuWDBrowseHistory,Back,d1,,1,浏览历史-返回,,,,,,,,,,,,,,,,,,,,,,,,,,,,,,,,,,,,,,,,,,,,,,
BROWSEHISTORY_LIST,浏览历史点击,,,,,,JuWDBrowseHistory,List,dClick-[pos],,,浏览历史-点击,,{\d+},,{(.*)?},{(.*)?},,,,,,,,,,,,,,,,,,,,,,,,,,,,,,,,,,,,,,,,,
BROWSEHISTORY_LIST_REFRESH,浏览历史-刷新,,安卓特有,,,,JuWDBrowseHistory,List-Refresh,d1,,,浏览历史-刷新,,,,,,,,,,,,,,,,,,,,,,,,,,,,,,,,,,,,,,,,,,,,,,
BROWSEHISTORY_LIST_LONGCLICK,浏览历史-长按,,安卓特有,,,,JuWDBrowseHistory,List,dLongClick-[pos],,,浏览历史-长按,,{\d+},,,,,,,,,,,,,,,,,,,,,,,,,,,,,,,,,,,,,,,,,,,,
JSC_BACK,聚收藏-返回,,安卓特有,,,,JuCollection,Back,d1,,1,聚收藏-返回,,,,,,,,,,,,,,,,,,,,,,,,,,,,,,,,,,,,,,,,,,,,,,
JSC_TAB,聚收藏-Tab,,,,,,JuCollection,Tab,d[pager_pos],1,,聚收藏-Tab,{.*},,,,,,{click|scroll},{\d+},,,,,,,,,,,,,,,,,,,,,,,,,,,,,,,,,,,,,,
JSC_TAB_CLOSE,聚收藏-Tab关闭,,安卓特有,,,,JuCollection,Tab,dClose,1,,聚收藏-Tab关闭,,,,,,,,,,,,,,,,,,,,,,,,,,,,,,,,,,,,,,,,,,,,,,
JSC_LIST,聚收藏列表-点击,,,,有,,JuCollection,List,dClick-[pager_pos]-[pos],,,聚收藏列表-点击,{.*},{\d+},,{(.*)?},{(.*)?},,,{\d+},,,,,,,,,,,,,,,,,,,,,,,,,,,,,,,,,,,,,,
JSC_LIST_LOAD,聚收藏列表-加载,,,,有,,JuCollection,List-Load,d[pager_pos],1,,聚收藏列表-加载,{.*},,,,,{.*},,{\d+},,,,,,,,,,,,,,,,,,,,,,,,,,,,,,,,,,,,,,
JSC_LIST_REFRESH,聚收藏列表-刷新,,安卓特有,,,,JuCollection,List-Refresh,d[pager_pos],1,,聚收藏列表-刷新,{.*},,,,,,refresh,{\d+},,,,,,,,,,,,,,,,,,,,,,,,,,,,,,,,,,,,,,
JSC_EDIT,聚收藏-编辑,,,iOS特有,,,JuCollection,Topbar,dRight,1,,聚收藏编辑,{.*},,,,,,,{\d+},,,,,,,,,,,,,,,,,,,,,,,,,,,,,,,,,,,,,,
SELLERGOODS_BACK,同店推荐-返回,,安卓特有,,,,JuDetailShopRecommend,Back,d1,,1,同店推荐-返回,,,,{(.*)?},{(.*)?},,,,,,,,,,,,,,,,,,,,,,,,,,,,,,,,,,,,,,,,,
SELLERGOODS_LIST,同店推荐-点击,,,,有,2,JuDetailShopRecommend,List,dClick-[pager_pos]-[pos],,,同店推荐-点击,,{\d+},,{(.*)?},{(.*)?},,,{\d+},,,,,,,,,,,,,,,,,,,,,,,,,,,,,,,,,,,,,,
SELLERGOODS_LIST_LOAD,同店推荐-加载,,,,有,2,JuDetailShopRecommend,List-Load,d[pager_pos],1,,同店推荐-加载,{.*},,,,,{.*},,{\d+},,,,,,,,,,,,,,,,,,,,,,,,,,,,,,,,,,,,,,
SELLERGOODS_LIST_REFRESH,同店推荐-刷新,,安卓特有,,,,JuDetailShopRecommend,List-Refresh,d[pager_pos],1,,同店推荐-刷新,{.*},,,,,,refresh,{\d+},,,,,,,,,,,,,,,,,,,,,,,,,,,,,,,,,,,,,,
PAGE_TIPS_LOAD,页面顶栏通告加载,4.5.1,,,,,JuJRT,PageTips,d1,1,,页面顶栏通告加载,{.*},,,,,,,,,,,,,,,,,,,,,,,,,,,,,,,,,,,,,,,,,,,,,
PAGE_TIPS_CLICK,页面顶栏通告点击,4.5.1,,,,,JuJRT,PageTips,d1,,,页面顶栏通告点击,{.*},,,,,,,,{.*},,,,,,,,,,,,,,,,,,,,,,,,,,,,,,,,,,,,,
VOICE_BTN,语音识别点位,4.6.1,,,,,JuVoice,voice,d[status],,,语音识别,{(.*)?},,,,,,,,{(.*)?},,,,,,,,,,,,,,,,,,,,,,{(.*)?},,{.*},,,,,,,,,,,,,
LIVE_BUTTON_LIKE,视频直播喜欢按钮,4.7.2,,,,,JuLiveVideo,Like,d1,1,,视频直播-喜欢,,,,,,,,,,,,,,,,,,,,,,,,,,,,,,,,,,,,,{(.*)?},{(.*)?},{(.*)?},,,,,,,
LIVE_BUTTON_SEND,视频直播发送评论按钮,4.7.2,,,,,JuLiveVideo,Send,d1,1,,视频直播-发送评论,,,,,,,,,,,,,,,,,,,,,,,,,,,,,,,,,,,,,{(.*)?},{(.*)?},{(.*)?},,,,,,,
LIVE_BUTTON_GOODS,视频直播宝贝按钮,4.7.2,,,,,JuLiveVideo,Goods,d1,1,,视频直播-宝贝,,,,,,,,,,,,,,,,,,,,,,,,,,,,,,,,,,,,,{(.*)?},{(.*)?},{(.*)?},{(.*)?},,,,,,
LIVE_BUTTON_ADD_CART,视频直播加购物车按钮,4.7.2,,,,,JuLiveVideo,Cart,d1,1,,视频直播-加购物车,,,,{(.*)?},,,,,,,,,,,,,,,,,,,,,,,,,,,,,,,,,{(.*)?},{(.*)?},{(.*)?},,,,,,,
LIVE_BUTTON_DEFINITION,视频直播画质按钮,4.7.2,,,,,JuLiveVideo,Definition,d1,1,,视频直播-画质,{.*},,,,,,,,,,,,,,,,,,,,,,,,,,,,,,,,,,,,,,,,,,,,,
LIVE_BUTTON_CLOSE,视频直播关闭按钮,4.7.2,,,,,JuLiveVideo,Close,d1,,,视频直播-关闭,,,,,,,,,,,,,,,,,,,,,,,,,,,,,,,,,,,,,,,,,,,,,,
LIVE_GESTURE_SLIDE,视频直播加左右滑动手势,4.7.2,,,,,JuLiveVideo,Slide,d1,1,,视频直播-左右滑,{.*},,,,,,,,,,,,,,,,,,,,,,,,,,,,,,,,,,,,,,,,,,,,,
LIVE_BUTTON_REPLAY,视频直播重播按钮,4.7.2,安卓特有,,,,JuLiveVideo,Replay,d1,1,,视频直播-重播,,,,,,,,,,,,,,,,,,,,,,,,,,,,,,,,,,,,,{(.*)?},{(.*)?},{(.*)?},{(.*)?},,,,,,
LIVE_BUTTON_PLAY_PAUSE,视频直播播放暂停按钮,4.7.2,安卓特有,,,,JuLiveVideo,PlayPause,d1,1,,视频直播-播放暂停,,,,,,,,,,,,,,,,,,,,,,,,,,,,,,,,,,,,,{(.*)?},{(.*)?},{(.*)?},{(.*)?},,,,,,
LIVE_SEEKBAR,视频直播进度条拖动,4.7.2,安卓特有,,,,JuLiveVideo,Seek,d1,1,,视频直播-进度条,,,,,,,,,,,,,,,,,,,,,,,,,,,,,,,,,,,,,{(.*)?},{(.*)?},{(.*)?},{(.*)?},,,,,,
VIDEO_FULL_SCREEN,视频录播全屏按钮,4.8.0,,,,,JuLiveVideo,full,d1,1,,视频-打开全屏,,,,,,,,,,,,,,,,,,,,,,,,,,,,,,,,,,,,,,,,,,,,,,
VIDEO_FIRST_PLAY,视频首次播放按钮,4.8.0,,,,,JuLiveVideo,play,d1,1,,视频-首次播放,,,,,,,,,{.*},,,,,,,,,,,,,,,,,,,,,,,,,,,,,,,,,,,,,
RealAtmos,实时氛围,5.0.0,,,,,JuMain,RealAtmos,d1,1,,实时氛围,{.*},,,,,,,,{.*},,,,,{(.*)?},,,,,,,,,,,,,,,,,{(.*)?},,,,,,,,,,,,,,,
JKL_DIALOG_SHOW,聚口令-展示,5.0.0,,,,,{.*},Jkl,d1,1,,聚口令,,,,{(.*)?},,,,,,,,,,,,,,,,,,,,,,,,,,,,,,,,,,,,,,,,,,
JKL_OPEN,聚口令-立即查看,5.0.0,,,,,{.*},Jkl-open,d1,,,聚口令-立即查看,,,,{(.*)?},,,,,,,,,,,,,,,,,,,,,,,,,,,,,,,,,,,,,,,,,,
JKL_CLOSE,聚口令-关闭,5.0.0,,,,,{.*},Jkl-close,d1,1,,聚口令-关闭,,,,,,,,,,,,,,,,,,,,,,,,,,,,,,,,,,,,,,,,,,,,,,
WEITAO_LOAD,微淘-弹层加载,4.8.0,,,,,JuJRT,wt,dload,1,,微淘-弹层加载,,,,,,,,,,,,,,,,,,,,,,,,,,,,,,,,,,,,,,,,,,,,,,
WEITAO_FOCUS,微淘-关注,4.8.0,,,,,JuJRT,wt,dfocus,1,,微淘-关注,,,,,,,,,,,,,,,,,,,,,,,,,,,,,,,,,{.*},,,,,,,,,,,,,
WEITAO_CLOSE,微淘-关闭,4.8.0,,,,,JuJRT,wt,dclose,1,,微淘-关闭,,,,,,,,,,,,,,,,,,,,,,,,,,,,,,,,,,,,,,,,,,,,,,
BOTTOM_BANNER_LOAD,底部Banner-加载,4.8.0,,,,,JuJRT,bb,dload,1,,底部Banner-加载,,,,,,,,,,,,,,,,,,,,,,,,,,,,,,,,,,,,,,,,,,,,,,
BOTTOM_BANNER_CLICK,底部Banner-点击,4.8.0,,,,,JuJRT,bb,dclick,,,底部Banner-点击,,,,,,,,,,,,,,,,,,,,,,,,,,,,,,,,,,,,,,,,,,,,,,
BOTTOM_BANNER_CLOSE,底部Banner-关闭,4.8.0,,,,,JuJRT,bb,dclose,1,,底部Banner-关闭,,,,,,,,,,,,,,,,,,,,,,,,,,,,,,,,,,,,,,,,,,,,,,
CHANNEL_DEVICE_LOAD,分渠道识别新设备用户-加载,5.2.0,安卓特有,,,2,JuJRT,channel_device,dload,1,,分渠道设备-加载,,,,,,,,,,,,,,,,,,,,,,,,,,,,,,,,,,,,,,,,,,{(.*)?},,,,
CHANNEL_DEVICE_CLICK,分渠道识别新设备用户-点击,5.2.0,安卓特有,,,2,JuJRT,channel_device,dclick,,,分渠道设备-点击,,,,,,,,,{(.*)?},,,,,,,,,,,,,,,,,,,,,,,,,,,,,,,,,{(.*)?},,,,
CHANNEL_DEVICE_CLOSE,分渠道识别新设备用户-关闭,5.2.0,安卓特有,,,2,JuJRT,channel_device,dclose,1,,分渠道设备-关闭,,,,,,,,,,,,,,,,,,,,,,,,,,,,,,,,,,,,,,,,,,,,,,
POPLAYER_LOAD,poplayer显示,5.2.0,,,,2,{.*},pp,dload,1,,poplayer显示,,,,,,,,,{(.*)?},,,,,{(.*)?},,,,,,,,,,,,,,,,,,{(.*)?},,,,,,,,,,,,,,
POPLAYER_CLOSE,poplayer消失,5.2.0,,iOS特有,,2,{.*},pp,dclose,1,,poplayer消失,,,,,,,,,{(.*)?},,,,,{(.*)?},,,,,,,,,,,,,,,,,,{(.*)?},,,,,,,,,,,,,,
POPLAYER_CLICK,poplayer点击,5.2.0,,iOS特有,,2,{.*},pp,dclick,,,poplayer点击,,,,,,,,,{(.*)?},,,,,{(.*)?},,,,,,,,,,,,,,,,,,{(.*)?},,,,,,,,,,,,,,
JRT_CARD_SCROLL,卡片滚动,5.7.0,,,,2,JuJRT,jrt_card_scroll,d[pos],1,,卡片滚动,,{.*},{.*},,,,,,,,,,,,,,,,,,,,,,,,,,,,,,,,,,,,,,,,,,,
JRT_BTN_TOPBAR,今日团-ActionBar两端按钮,5.10.0,,,,1,JuJRT,Topbar,dBtn,,,今日团-ActionBar两端按钮,{.*},,,,,,,,{(.*)?},,,,,,,,,,,,,,,,,,,,,,,,,,,,,,,,,,{.*},,,
JRT_BRANDN_SCROLL,一拖n内部滑动点位,5.10.0,,,,3,JuJRT,BrandN,d,,,一拖n内部滑动,,,,,,,,,,,,,,,,,,,,,,,,,,,,,,,,,,,,,,,,,,,,,,
JRT_BTN_TOPBAR,今日团-ActionBar两端按钮,5.10.0,,,,1,JuJRT,Topbar,dBtn,,,今日团快捷菜单,{.*},,,,,,,,{(.*)?},,,,,,,,,,,,,,,,,,,,,,,,,,,,,,,,,,{.*},,,
JRT_BTN_TOPBAR_RIGHT,今日团快捷菜单“福利社”,5.9.0,,,,,JuJRT,Topbar,dRight,,,今日团快捷菜单“福利社”,{(.*)?},,,,,,,,{.*},,,,,,,,,,,,,,,,,,,,,,,,,,,,,,,,,,,,,
JRT_BTN_TOPBAR_LEFT_SCAN,今日团快捷菜单“扫一扫”,5.9.0,,,,,JuJRT,Topbar,dLeftScan,,,今日团快捷菜单“扫一扫”,{(.*)?},,,,,,,,{.*},,,,,,,,,,,,,,,,,,,,,,,,,,,,,,,,,,,,,
JRT_BTN_TOPBAR_LEFT_VOICE,今日团快捷菜单“语音”,5.9.0,,,,,JuJRT,Topbar,dLeftVoice,,,今日团快捷菜单“语音”,{(.*)?},,,,,,,,{.*},,,,,,,,,,,,,,,,,,,,,,,,,,,,,,,,,,,,,
JRT_CARD,今日团卡片,5.7.0,,,,1,JuJRT,Card,dClick-[item_type],,,今日团卡片,{(.*)?},{.*},{.*},,,,,,{.*},,,,,,,,,,,,,,,,,,,,,,,,,,,{.*},,,,,,,,,,
JRT_LIST_LOAD,今日团货品集曝光,5.10.0,,,有：bucket,1,JuJRT,List,d[pager_pos],1,,今日团货品集曝光,{(.*)?},,,,,{(.*)?},,{\d+},,,,,,,,,,,,,,,,,,,,,,,,,,,,,,,,,,,,,,
JFL_LIST_BRAND_LOAD,分类品牌列表_加载,5.10.0,,,有：bucket,1,JuJFL,List-Load-Brand,d[pager_pos],1,,分类品牌列表_加载,{(.*)?},,,,,{.*},,{\d+},,,,,,,,,,,,,,,,,,,,,,,,,,,,,,,,,,,,,,
JFL_SEARCH,聚分类搜索,5.10.0,,,,1,JuJFL,Search,d1,,,聚分类搜索,,,,,,,,,,,,,,,,,,,,,,,,,,,,,,,,,,,,,,,,,,,,,,
JFL_CATEGORY,类目导航条,5.10.0,,,,1,JuJFL,Category,d[pager_pos],,,类目导航条,{(.*)?},,,,,,{.*},{.*},,,,,,,,,,,,,,,,,,,,,,,,,,,,,,,,,{.*},,,,,
JFL_LIST,聚分类商品点击,5.10.0,,,,1,JuJFL,List,dClick-[pager_pos]-[pos],,,聚分类商品点击,{(.*)?},{.*},{.*},{(.*)?},{(.*)?},,,{.*},{(.*)?},,,,,,,,,,,,,,,{(.*)?},,,,,,,,,,,,{(.*)?},,,,,,,,,{(.*)?},
JFL_LIST_BRAND,聚分类品牌点击,5.10.0,,,,1,JuJFL,List,dClickBrand-[pager_pos]-[pos],,,聚分类品牌点击,{(.*)?},{.*},{(.*)?},{(.*)?},{(.*)?},,,{.*},{(.*)?},,,,,,,,,,,,,,,{(.*)?},,,,,,,,,,,,{(.*)?},,,,,,,,,{(.*)?},
JFL_LIST_BRAND_MORE,分类列表品牌更多,5.10.0,,,,1,JuJFL,List,dClickBrand-[pager_pos]-[pos],,,分类列表品牌更多,{(.*)?},{.*},{(.*)?},{(.*)?},{(.*)?},,,{.*},{(.*)?},,,,,,,,,,,,,,,{(.*)?},,,,,,,,,,,,{(.*)?},,,,,,,,,{(.*)?},
JFL_LIST_MORE,类目底部聚透跳转,5.10.0,,,,1,JuJFL,List,dClick-[pager_pos]-[pos],,,类目底部聚透跳转,{(.*)?},{.*},{(.*)?},{(.*)?},{(.*)?},,,{.*},{(.*)?},,,,,,,,,,,,,,,{(.*)?},,,,,,,,,,,,{(.*)?},,,,,,,,,{(.*)?},
JRT_BTN_TOPBAR_LEFT,今日团快捷菜单“+”,5.9.0,,,,1,JuJRT,Topbar,dLeft,,,今日团快捷菜单“+”,{(.*)?},,,,,,,,{.*},,,,,,,,,,,,,,,,,,,,,,,,,,,,,,,,,,,,,
JFL_CATEGORY_MORE,分类下来类目点击,V5.13.0,,,,1,JuJFL,Category,d_xiala_[pager_pos],,,类目导航条,{(.*)?},,,,,,{.*},{.*},,,,,,,,,,,,,,,,,,,,,,,,,,,,,,,,,{.*},,,,,
NOTIFICATION_SWITCH_STATE,推送开关-状态,5.16.0,,,,1,JuMain,Switch_state,d[action],1,,推送开关-状态,,,,,,,{on|off},,,,,,,,,,,,,,,,,,,,,,,,,,,,,,,,,,,,,,,
